5555-0008-202610-27267,27267,1
8827-0001V-202610-27273,27273,1
8827-0009V-202610-30199,30199,1
9937-0027V-202610-30201,30201,1
9937-0055V-202610-27261,27261,1
8827-0185V-202610-30182,30182,1
8827-0184V-202610-30181,30181,1
3313-0187V-202610-27274,27274,1
6069-0075V-202610-30453,30453,1
9937-0057V-206241-30454,30454,0
5557-0037-202641-59351,59351,1
5559-2085V-202641-51681,51681,1
5559-2091V-202641-51687,51687,1
5564-2002-202641-52283,52283,1
5564-0099-202641-58436,58436,1
9937-2006-202641-51439,51439,1
5559-2006-202641-51434,51434,1
8827-2000-202641-51424,51424,1
8820-2017-202641-51404,51404,1
