Nombre,NRC,Periodo
5568-0086-202542-50781,50781,202542
6069-2016-202542-52009,52009,202542
8820-2038-202542-52421,52421,202542
8820-2039-202542-52423,52423,202542
5568-0074-202542-50757,50757,202542
5557-0044-202542-50424,50424,202542
3313-2006-202542-52434,52434,202542
3313-2006-202542-FV,FV,202542
6069-2107-202542-52194,52194,202542
8827-2025-202542-52206,52206,202542
6069-2009-202542-52015,52015,202542
5568-0086-202542-53570,53570,202542
3313-0049-202542-50227,50227,202542
3313-0049-202542-HV5,HV5,202542
5568-0077-202542-52581,52581,202542
5568-0074-202542-52030,52030,202542
6069-2166V-202542-AC12,AC12,202542
6069-2166V-202542-AC11,AC11,202542
6069-2166V-202542-DF7,DF7,202542
3313-2040-202542-53818,53818,202542
5568-0086-202542-53833,53833,202542
5568-0086-202542-51321,51321,202542
5568-0086-202542-50779,50779,202542
5557-0044-202542-50694,50694,202542
5556-2003-202542-50695,50695,202542
5556-2004-202542-50696,50696,202542
5569-2028-202542-50697,50697,202542
5569-2033-202542-50698,50698,202542
5556-2005-202542-50704,50704,202542
5556-2006-202542-50706,50706,202542
5569-2029-202542-50707,50707,202542
5569-2030-202542-50708,50708,202542
3313-2017-202542-50709,50709,202542
8827-2004-202542-50699,50699,202542
5568-0079-202542-50767,50767,202542
3313-2018-202542-50714,50714,202542
3313-2018-202542-50715,50715,202542
3313-2018-202542-50716,50716,202542
3313-2018-202542-50724,50724,202542
3313-2018-202542-50717,50717,202542
3313-2018-202542-50718,50718,202542
3313-2018-202542-50719,50719,202542
3313-2018-202542-50720,50720,202542
3313-2018-202542-50726,50726,202542
3313-2018-202542-50721,50721,202542
3313-2018-202542-50722,50722,202542
3313-2018-202542-50723,50723,202542
3313-2018-202542-50727,50727,202542
3313-2018-202542-50725,50725,202542
3313-2018-202542-50734,50734,202542
3313-2018-202542-50728,50728,202542
3313-2018-202542-50729,50729,202542
3313-2018-202542-50730,50730,202542
3313-2018-202542-50731,50731,202542
3313-2018-202542-50732,50732,202542
3313-2018-202542-50733,50733,202542
3313-2018-202542-50735,50735,202542
3313-2018-202542-50736,50736,202542
3313-2018-202542-50737,50737,202542
3313-2018-202542-50738,50738,202542
3313-2018-202542-50739,50739,202542
5569-2031-202542-50711,50711,202542
5569-2032-202542-50712,50712,202542
5557-2001-202542-50713,50713,202542
5568-0086-202542-50784,50784,202542
5556-2008-202542-50702,50702,202542
5557-0044-202542-52225,52225,202542
5568-0074-202542-50756,50756,202542
2026-2003-202542-50673,50673,202542
2026-2004-202542-50674,50674,202542
2026-2007-202542-50677,50677,202542
2026-2008-202542-50678,50678,202542
2026-2005-202542-50675,50675,202542
2026-2006-202542-50676,50676,202542
3313-2140-202542-51936,51936,202542
5557-0044-202542-51931,51931,202542
5557-2061-202542-50484,50484,202542
5557-0048-202542-50485,50485,202542
5557-0050-202542-50486,50486,202542
5557-2007-202542-53549,53549,202542
5568-0074-202542-50483,50483,202542
3313-2077-202542-05,05,202542
5557-2062-202542-50488,50488,202542
5557-0051-202542-50489,50489,202542
8827-2029-202542-50490,50490,202542
5557-0042-202542-53547,53547,202542
SOCS-0155-202542-15,15,202542
5557-2013-202542-53548,53548,202542
5557-2064-202542-50520,50520,202542
3313-2079-202542-MCD,MCD,202542
6069-2117-202542-50522,50522,202542
5557-2065-202542-50521,50521,202542
5557-2063-202542-50519,50519,202542
5568-0086-202542-53475,53475,202542
5557-0044-202542-50679,50679,202542
5557-2002-202542-50680,50680,202542
5557-2003-202542-50681,50681,202542
5557-2004-202542-50682,50682,202542
6069-2057-202542-52164,52164,202542
5568-0073-202542-50685,50685,202542
5557-2005-202542-50686,50686,202542
5557-2005-202542-52663,52663,202542
5557-2006-202542-50688,50688,202542
5557-2007-202542-50687,50687,202542
5557-2008-202542-50689,50689,202542
5557-2011-202542-50691,50691,202542
5557-2009-202542-50692,50692,202542
5557-2010-202542-50693,50693,202542
5557-0044-202542-50430,50430,202542
3313-2026-202542-52313,52313,202542
5566-2041V-202542-52636,52636,202542
5566-2040V-202542-52637,52637,202542
6069-2076V-202542-52638,52638,202542
5559-2002V-202542-52639,52639,202542
5568-0073-202542-50753,50753,202542
5566-2042V-202542-51,51,202542
3313-2027-202542-52635,52635,202542
5557-2007-202542-52956,52956,202542
5566-2044V-202542-52632,52632,202542
5566-2043V-202542-52631,52631,202542
5566-2045V-202542-52633,52633,202542
5566-2046-202542-55,55,202542
5557-0047-202542-50554,50554,202542
5557-0049-202542-50561,50561,202542
3313-0091-202542-50562,50562,202542
5557-0044-202542-52181,52181,202542
8828-2012-202542-51930,51930,202542
3313-2128-202542-51578,51578,202542
8828-2013-202542-51576,51576,202542
8828-2014-202542-51577,51577,202542
8828-2022-202542-53544,53544,202542
5568-0072-202542-51920,51920,202542
9937-2002-202542-51362,51362,202542
3313-2041-202542-51365,51365,202542
9937-2004-202542-51363,51363,202542
9937-2005-202542-51364,51364,202542
3313-2053-202542-51368,51368,202542
9937-2013-202542-51406,51406,202542
5568-0072-202542-52691,52691,202542
5557-2060-202542-51367,51367,202542
9934-2005-202542-51403,51403,202542
9937-2009-202542-51407,51407,202542
9934-2004-202542-52037,52037,202542
8821-2010-202542-52689,52689,202542
9935-2001-202542-51405,51405,202542
9935-2000-202542-51366,51366,202542
9939-2005-202542-51408,51408,202542
5557-0044-202542-51909,51909,202542
9936-2009-202542-51615,51615,202542
9936-2010-202542-51616,51616,202542
9937-2006-202542-51617,51617,202542
9936-2011-202542-51618,51618,202542
5568-0072-202542-51622,51622,202542
9936-2012-202542-51623,51623,202542
9969-2019-202542-51620,51620,202542
9936-2013-202542-51624,51624,202542
9936-2015-202542-51626,51626,202542
9936-2014-202542-51625,51625,202542
9936-2017-202542-51628,51628,202542
CTAM-0102-202542-51627,51627,202542
9936-2018-202542-51619,51619,202542
5557-0044-202542-51921,51921,202542
8827-2041-202542-51572,51572,202542
9937-2021-202542-51573,51573,202542
8827-2036-202542-51574,51574,202542
3313-2125-202542-51575,51575,202542
5568-0074-202542-52029,52029,202542
5557-0044-202542-51579,51579,202542
5569-2043-202542-51580,51580,202542
8820-2016-202542-51582,51582,202542
8820-2017-202542-51583,51583,202542
3313-2122-202542-51586,51586,202542
8820-2018-202542-51584,51584,202542
6611-2023-202542-51581,51581,202542
8820-2036-202542-51585,51585,202542
8820-2019-202542-51587,51587,202542
8820-2020-202542-51588,51588,202542
5568-0072-202542-51589,51589,202542
6611-2024-202542-51590,51590,202542
8821-2009-202542-51591,51591,202542
6611-2025-202542-51592,51592,202542
5557-0044-202542-51593,51593,202542
6069-2026-202542-LM,LM,202542
8827-2011-202542-51608,51608,202542
8827-2009-202542-51607,51607,202542
8827-2010-202542-51606,51606,202542
8827-2012-202542-51609,51609,202542
5568-0074-202542-51599,51599,202542
5568-0073-202542-50754,50754,202542
8827-2015-202542-51611,51611,202542
8827-2014-202542-51612,51612,202542
5559-2006-202542-51613,51613,202542
8827-2022-202542-51614,51614,202542
6069-2024-202542-51595,51595,202542
6069-2025-202542-51596,51596,202542
6069-2023-202542-51598,51598,202542
6069-2022-202542-51597,51597,202542
6069-2029-202542-51600,51600,202542
6069-2027-202542-51601,51601,202542
8827-2000-202542-51603,51603,202542
6069-2030-202542-52332,52332,202542
6069-2028-202542-51602,51602,202542
5557-0044-202542-51629,51629,202542
6069-2124-202542-51630,51630,202542
CEGF-0046-202542-51643,51643,202542
6069-2125-202542-51631,51631,202542
8830-2003-202542-51633,51633,202542
CEOE-0321-202542-51634,51634,202542
5559-2162-202542-51637,51637,202542
8821-2013-202542-51635,51635,202542
5568-0073-202542-50755,50755,202542
5568-2001-202542-52223,52223,202542
5568-2000-202542-52224,52224,202542
5557-0044-202542-51956,51956,202542
6611-2003-202542-52286,52286,202542
6611-2020V-202542-51031,51031,202542
6069-2000V-202542-51032,51032,202542
6069-2001V-202542-51033,51033,202542
3313-2001V-202542-51036,51036,202542
6069-2003V-202542-51035,51035,202542
6069-2002V-202542-51034,51034,202542
6069-2004V-202542-51037,51037,202542
6069-2005V-202542-51038,51038,202542
6069-2006V-202542-51039,51039,202542
5568-0073-202542-52615,52615,202542
6069-2007V-202542-51040,51040,202542
6069-2042-202542-52623,52623,202542
6069-2187-202542-52676,52676,202542
5557-0044-202542-50968,50968,202542
6069-2153-202542-50970,50970,202542
6069-2154-202542-52475,52475,202542
6069-2047-202542-50990,50990,202542
6611-2002-202542-50991,50991,202542
6069-2035-202542-53360,53360,202542
6069-2046-202542-50992,50992,202542
6069-2034-202542-50993,50993,202542
6069-2005-202542-50994,50994,202542
6611-2035V-202542-52505,52505,202542
6069-2033-202542-50976,50976,202542
6069-2048-202542-50979,50979,202542
6069-2004-202542-50981,50981,202542
6069-2114-202542-50980,50980,202542
6069-2112-202542-50978,50978,202542
5557-0044-202542-50996,50996,202542
3313-2115V-202542-53284,53284,202542
3313-2115V-202542-53285,53285,202542
3313-2115V-202542-53286,53286,202542
3313-2115V-202542-53287,53287,202542
3313-2115V-202542-53288,53288,202542
3313-2115V-202542-53290,53290,202542
3313-2115V-202542-53291,53291,202542
3313-2115V-202542-53292,53292,202542
3313-2115V-202542-51003,51003,202542
3313-2115V-202542-53336,53336,202542
3313-2115V-202542-53337,53337,202542
3313-2115V-202542-53338,53338,202542
3313-2115V-202542-53289,53289,202542
3313-2115V-202542-53293,53293,202542
3313-2115V-202542-53223,53223,202542
8821-0005-202542-51021,51021,202542
6069-2162V-202542-51016,51016,202542
6069-2162V-202542-53446,53446,202542
6069-2161V-202542-51015,51015,202542
6069-2164V-51018-LC2,LC2,51018
6069-2165V-202542-51019,51019,202542
6069-2165V-202542-53759,53759,202542
6069-2163V-202542-51017,51017,202542
5559-0110-202542V5-AP31,AP31,202542V5
6069-2073-202542-50955,50955,202542
6069-2073-202542-50957,50957,202542
6069-2073-202542-50958,50958,202542
6069-2073-202542-50959,50959,202542
6069-2073-202542-50960,50960,202542
6069-2073-202542-50961,50961,202542
6069-2073-202542-50962,50962,202542
6069-2073-202542-50963,50963,202542
6069-2164V-202542-53138,53138,202542
6069-2139-202542V6-AP09,AP09,202542V6
6611-0039-202542-50912,50912,202542
6611-0039-202542-50913,50913,202542
6611-0039-202542-50914,50914,202542
6611-0039-202542-50915,50915,202542
6069-0067-202542-50932,50932,202542
6069-2073-202542-50936,50936,202542
6069-2073-202542-50937,50937,202542
6069-2073-202542-50938,50938,202542
6069-2073-202542-50939,50939,202542
6069-2073-202542-50940,50940,202542
6069-2073-202542-50942,50942,202542
6069-2073-202542-50943,50943,202542
6069-2073-202542-50944,50944,202542
6069-2073-202542-50945,50945,202542
6069-2073-202542-50946,50946,202542
6069-2073-202542-50947,50947,202542
6069-2073-202542-50948,50948,202542
6069-2073-202542-50949,50949,202542
6069-2073-202542-50950,50950,202542
6069-2073-202542-50951,50951,202542
5559-2161-202542-50933,50933,202542
6069-2139-202542-50934,50934,202542
6069-2140-202542-22,22,202542
5557-0044-202542-51228,51228,202542
5564-0099-202542-51950,51950,202542
LGAP-0068-202542-51230,51230,202542
LGAP-0073-202542-51229,51229,202542
LGAP-0072-202542-51231,51231,202542
LGAP-0070-202542-51232,51232,202542
LGAP-0095-202542-51234,51234,202542
LGAP-0074- 202542-51235,51235, 202542
LGAP-0075-202542-51236,51236,202542
LGAP-0088-202542-51237,51237,202542
LGAP-0087-202542-51243,51243,202542
LGAP-0087-202542-51244,51244,202542
LGAP-0087-202542-51245,51245,202542
LGAP-0087-202542-51246,51246,202542
LGAP-0087-202542-51247,51247,202542
LGAP-0087-202542-51248,51248,202542
LGAP-0087-202542-51249,51249,202542
LGAP-0087-202542-51250,51250,202542
LGAP-0087-202542-51251,51251,202542
LGAP-0087-202542-51252,51252,202542
LGAP-0087-202542-52544,52544,202542
LGAP-0087-202542-52545,52545,202542
LGAP-0086-202542-51238,51238,202542
LGAP-0089-202542-51253,51253,202542
5568-0074-202542-51255,51255,202542
LGAP-0102-202542-51254,51254,202542
LGAP-0096-202542-51256,51256,202542
LGAP-0096-202542-52503,52503,202542
LGAP-0096-202542-52504,52504,202542
LGAP-0096-202542-52532,52532,202542
LGAP-0096-202542-52533,52533,202542
LGAP-0096-202542-52534,52534,202542
LGAP-0096-202542-52536,52536,202542
LGAP-0096-202542-53362,53362,202542
LGAP-0096-202542-53315,53315,202542
LGAP-0090-202542-51257,51257,202542
LGAP-0095-202542-51239,51239,202542
LGAP-0074-202542-51240,51240,202542
LGAP-0075-202542-51241,51241,202542
LGAP-0088-202542-51242,51242,202542
5557-0044-202542-51133,51133,202542
5564-0130-202542-51135,51135,202542
5564-0126-202542-51134,51134,202542
5564-0127-202542-51137,51137,202542
5564-0128-202542-51136,51136,202542
5564-0129-202542-51138,51138,202542
5564-2000-202542-51139,51139,202542
5564-2014-202542-51141,51141,202542
2270-0005-202542-51140,51140,202542
5564-2004-202542-51144,51144,202542
5564-2005-202542-51145,51145,202542
5564-2002-202542-51143,51143,202542
5564-2015-202542-51146,51146,202542
5568-0080-202542-51142,51142,202542
5564-2006-202542-LISTADO,LISTADO,202542
5564-2003-202542-51147,51147,202542
5564-0099-202542-50803,50803,202542
5564-2016-202542-51154,51154,202542
3313-2132-202542-51260,51260,202542
3313-2130-202542-51258,51258,202542
3313-2131-202542-51259,51259,202542
5568-0073-202542-50751,50751,202542
5557-0044-202542-50903,50903,202542
PGME-0031-202542-53174,53174,202542
5562-0029-202542-53176,53176,202542
PGME-0030-202542-53173,53173,202542
PGME-0033-202542-53177,53177,202542
5568-0074-202542-53175,53175,202542
5557-0044-202542-50983,50983,202542
PGME-0031-202542-53179,53179,202542
5562-0029-202542-53181,53181,202542
PGME-0030-202542-53178,53178,202542
PGME-0033-202542-53182,53182,202542
5568-0074-202542-53180,53180,202542
5557-0044-202542-51416,51416,202542
PGME-0031-202542-53184,53184,202542
5562-0029-202542-53186,53186,202542
PGME-0030-202542-53183,53183,202542
PGME-0033-202542-53187,53187,202542
5568-0074-202542-53185,53185,202542
5557-0044-202542-51604,51604,202542
PGME-0031-202542-53189,53189,202542
5562-0029-202542-53191,53191,202542
PGME-0030-202542-53188,53188,202542
PGME-0033-202542-53192,53192,202542
5568-0074-202542-53190,53190,202542
PGME-0035-202542-53125,53125,202542
PGME-0034-202542-53128,53128,202542
PGME-0044-202542-53126,53126,202542
PGME-0035-202542-53131,53131,202542
PGME-0034-202542-53133,53133,202542
PGME-0044-202542-53132,53132,202542
PGME-0034-202542-53134,53134,202542
PGME-0036-202542-51168,51168,202542
PGME-0035-202542-51171,51171,202542
PGME-0034-202542-51170,51170,202542
PGME-0044-202542-51173,51173,202542
PGME-0036-202542-51172,51172,202542
PGME-0035-202542-51167,51167,202542
PGME-0034-202542-51174,51174,202542
PGME-0044-202542-51169,51169,202542
PGME-0034-202542-53080,53080,202542
PGME-0045-202542-51181,51181,202542
3313-0103-202542-ME,ME,202542
3313-0102-202542-51201,51201,202542
PGME-0042-202542-51180,51180,202542
PGME-0043-202542-51179,51179,202542
5553-0019-202542-52741,52741,202542
3313-2011-202542-51222,51222,202542
3313-2012-202542-51223,51223,202542
3313-2013-202542-51224,51224,202542
3313-2014-202542-VICHADA,VICHADA,202542
3313-2014-202542-G1,G1,202542
5553-0019-202542-52698,52698,202542
3313-2011-202542-52701,52701,202542
3313-2012-202542-52704,52704,202542
3313-2013-202542-52707,52707,202542
3313-2008-202542-52696,52696,202542
3313-2014-202542-G2,G2,202542
5553-0019-202542-52699,52699,202542
3313-2011-202542-52702,52702,202542
3313-2012-202542-52705,52705,202542
3313-2013-202542-52709,52709,202542
3313-2008-202542-52697,52697,202542
3313-2014-202542-G3,G3,202542
5553-0019-202542-52700,52700,202542
3313-2011-202542-52703,52703,202542
3313-2012-202542-52706,52706,202542
3313-2013-202542-52710,52710,202542
5557-0044-202542-53159,53159,202542
5559-2051V-202542-51853,51853,202542
5559-2052V-202542-51854,51854,202542
5568-0077-202542-51895,51895,202542
5559-2075V-202542-51858,51858,202542
5559-2053V-202542-51855,51855,202542
5559-2054V-202542-51856,51856,202542
5559-2055V-202542-51857,51857,202542
5559-2056V-202542-51860,51860,202542
6069-2154-202542-51865,51865,202542
5559-2057V-202542-51861,51861,202542
5559-2058V-202542-51862,51862,202542
5559-2059V-202542-52756,52756,202542
5559-2146V-202542-52758,52758,202542
5557-0044-202542-52477,52477,202542
5568-0077-202542-51843,51843,202542
5559-2118-202542-51844,51844,202542
5559-2119V-202542-51845,51845,202542
5559-2075V-202542-51842,51842,202542
5559-2120V-202542-51846,51846,202542
5559-2121V-202542-51847,51847,202542
5559-2122V-202542-51849,51849,202542
6069-2154-202542-CE,CE,202542
5559-2123V-202542-51850,51850,202542
5559-2124V-202542-51851,51851,202542
5559-2126V-202542-51852,51852,202542
5559-2083V-202542-51868,51868,202542
5559-2084V-202542-51869,51869,202542
5559-2085V-202542-51870,51870,202542
5559-2086V-202542-51871,51871,202542
5559-2075V-202542-51866,51866,202542
5559-2087V-202542-51872,51872,202542
5559-2088V-202542-51873,51873,202542
5559-2089V-202542-51874,51874,202542
6069-2154-202542-51882,51882,202542
5559-2090V-202542-51875,51875,202542
5559-2091V-202542-51876,51876,202542
5559-2092V-202542-51877,51877,202542
5559-2093V-202542-51878,51878,202542
5559-2075-202542-51924,51924,202542
5556-2031-202542-51883,51883,202542
5556-2036-202542-51888,51888,202542
5556-2033-202542-51885,51885,202542
5556-2032-202542-51884,51884,202542
5556-2034-202542-51886,51886,202542
5559-2165-202542-51896,51896,202542
5556-2041-202542-51892,51892,202542
5556-2040-202542-51891,51891,202542
5556-2038-202542-51889,51889,202542
5556-2042-202542-51893,51893,202542
5556-2039-202542-51890,51890,202542
5557-0044-202542V4-52620,52620,202542V4
6069-2001-202542V4-AP21,AP21,202542V4
6069-2001-202542V4-52546,52546,202542V4
6069-0088-202542V4-AP28,AP28,202542V4
6069-2154-202542V4-AP30,AP30,202542V4
6069-2154-202542V4-52642,52642,202542V4
5568-0086-202542V4-AP20,AP20,202542V4
6069-0141-202542V4-AP23,AP23,202542V4
6069-2153-202542V4-AP22,AP22,202542V4
3313-2007-202542V4-AP35,AP35,202542V4
6611-0037-202542V4-AP29,AP29,202542V4
3313-0070-202542V4-AP33,AP33,202542V4
5568-0079-202542V4-AP36,AP36,202542V4
3313-0050-202542V4-50053,50053,202542V4
6069-2153-202542V4-50082,50082,202542V4
6611-0036-202542V4-50083,50083,202542V4
6611-0035-202542V4-50084,50084,202542V4
6611-2020-202542V4-50085,50085,202542V4
3313-0051-202542V4-50122,50122,202542V4
5553-0019-202542V4-50123,50123,202542V4
3313-0046-202542V4-50124,50124,202542V4
3313-0047-202542V4-50125,50125,202542V4
6069-2156-202542V4-52051,52051,202542V4
6069-2156-202542V4-52643,52643,202542V4
6069-2156V-202542V4-52171,52171,202542V4
5559-0110-202542V4-AP01,AP01,202542V4
5559-0110-202542V4-52641,52641,202542V4
6611-0038-202542V4-AP02,AP02,202542V4
6069-0174-202542V4-AP03,AP03,202542V4
6069-0154-202542V4-AP04,AP04,202542V4
6069-2060-202542V4-AP05,AP05,202542V4
6611-0070-202542V4-AP06,AP06,202542V4
3313-0067-202542V4-AP07,AP07,202542V4
3313-0068-202542V4-AP08,AP08,202542V4
6069-2153-202542V4-52473,52473,202542V4
6069-2153-202542V4-52499,52499,202542V4
3313-0068-202542V4-AP41,AP41,202542V4
3313-0067-202542V4-LC1,LC1,202542V4
3313-2040-202542V5-53413,53413,202542V5
6069-0087-202542V5-AP11,AP11,202542V5
5568-0086-202542V5-50008,50008,202542V5
6069-2153-202542V5-AP84,AP84,202542V5
6069-2154-202542V5-AP86,AP86,202542V5
6069-2154-202542V5-53298,53298,202542V5
6069-2008V-202542V5-53357,53357,202542V5
5568-0073-202542V5-AP88,AP88,202542V5
6069-2156V-202542V5-AP82,AP82,202542V5
5568-0074-202542V5-53436,53436,202542V5
6069-2157-202542V5-53438,53438,202542V5
6069-2153-202542V5-53358,53358,202542V5
6069-2003-202542V5-50001,50001,202542V5
6069-2002-202542V5-50005,50005,202542V5
6069-0141-202542V5-50009,50009,202542V5
6611-0039-202542V5-50037,50037,202542V5
3313-2006-202542V5-AP95,AP95,202542V5
6069-2008V-202542V5-50114,50114,202542V5
5568-0079-202542V5-50126,50126,202542V5
3313-0050-202542V5-50127,50127,202542V5
3313-0049-202542V5-50128,50128,202542V5
3313-0048-202542V5-50129,50129,202542V5
3313-0046-202542V5-50130,50130,202542V5
3313-0047-202542V5-50131,50131,202542V5
6069-2157-202542V5-52172,52172,202542V5
5568-0074-202542V5-52173,52173,202542V5
3313-0070-202542V5-52191,52191,202542V5
3313-2009-202542V5-AP16,AP16,202542V5
3313-2012-202542V5-AP17,AP17,202542V5
6069-0174-202542V5-AP24,AP24,202542V5
6069-2154-202542V5-AP25,AP25,202542V5
6069-2008V-202542V5-AP26,AP26,202542V5
6611-0073-202542V5-AP27,AP27,202542V5
6069-0154-202542V5-AP37,AP37,202542V5
6069-2156-202542V5-AP79,AP79,202542V5
5568-0074-202542V5-AP89,AP89,202542V5
6069-2159-202542V5-53247,53247,202542V5
6069-2157-202542V5-AP90,AP90,202542V5
6069-2158-202542V5-53251,53251,202542V5
6069-2153-202542V5-53252,53252,202542V5
6611-0041-202542V6-53450,53450,202542V6
6611-0041-202542V6-53451,53451,202542V6
6611-0041-202542V6-53452,53452,202542V6
6611-0041-202542V6-53453,53453,202542V6
6611-0041-202542V6-53454,53454,202542V6
6611-0041-202542V6-53455,53455,202542V6
6611-0041-202542V6-53456,53456,202542V6
6611-0041-202542V6-53457,53457,202542V6
6611-0041-202542V6-53458,53458,202542V6
6611-0041-202542V6-53459,53459,202542V6
6611-0041-202542V6-53460,53460,202542V6
6611-0041-202542V6-53461,53461,202542V6
6611-0041-202542V6-53462,53462,202542V6
6611-0041-202542V6-53463,53463,202542V6
6611-0041-202542V6-53464,53464,202542V6
6611-0041-202542V6-53465,53465,202542V6
6611-0041-202542V6-53466,53466,202542V6
6611-0041-202542V6-53467,53467,202542V6
6611-0041-202542V6-53468,53468,202542V6
6611-0041-202542V6-53469,53469,202542V6
6611-0041-202542V6-53470,53470,202542V6
6611-0041-202542V6-53471,53471,202542V6
6611-0041-202542V6-53472,53472,202542V6
6611-0041-202542V6-53473,53473,202542V6
6611-0041-202542V6-53474,53474,202542V6
6611-0041-202542V6-53476,53476,202542V6
6611-0041-202542V6-53477,53477,202542V6
6611-0041-202542V6-53478,53478,202542V6
6611-0041-202542V6-53479,53479,202542V6
3313-2010-202542V6-53372,53372,202542V6
3313-2010-202542V6-53373,53373,202542V6
3313-2010-202542V6-53375,53375,202542V6
3313-2010-202542V6-53376,53376,202542V6
3313-2010-202542V6-53385,53385,202542V6
3313-2010-202542V6-53387,53387,202542V6
3313-2010-202542V6-53388,53388,202542V6
3313-2010-202542V6-53389,53389,202542V6
3313-2010-202542V6-53390,53390,202542V6
3313-2014-202542V6-AC01,AC01,202542V6
3313-2014-202542V6-53395,53395,202542V6
3313-2014-202542V6-AC02,AC02,202542V6
3313-2014-202542V6-53398,53398,202542V6
3313-2014-202542V6-53399,53399,202542V6
3313-2014-202542V6-AC03,AC03,202542V6
3313-2014-202542V6-53402,53402,202542V6
3313-2014-202542V6-53403,53403,202542V6
3313-2014-202542V6-AC04,AC04,202542V6
3313-2014-202542V6-53406,53406,202542V6
3313-2014-202542V6-53407,53407,202542V6
3313-2014-202542V6-53408,53408,202542V6
3313-2014-202542V6-53409,53409,202542V6
3313-2040-202542V6-53802,53802,202542V6
6611-2020-202542V6-50010,50010,202542V6
6611-2020-202542V6-53643,53643,202542V6
8827-2030-202542V6-50011,50011,202542V6
8827-2030-202542V6-53644,53644,202542V6
3313-0067-202542V6-50068,50068,202542V6
3313-0070-202542V6-50069,50069,202542V6
6069-2003-202542V6-50116,50116,202542V6
6069-2002-202542V6-50117,50117,202542V6
3313-0051-202542V6-50132,50132,202542V6
3313-0051-202542V6-53854,53854,202542V6
3313-0049-202542V6-50134,50134,202542V6
3313-0048-202542V6-50135,50135,202542V6
3313-0046-202542V6-50136,50136,202542V6
3313-0047-202542V6-50137,50137,202542V6
3313-0068-202542V6-52221,52221,202542V6
6611-0035-202542V6-AC09,AC09,202542V6
6069-2157-202542V6-52836,52836,202542V6
6611-0036-202542V6-AP80,AP80,202542V6
6069-2160-202542V6-AP92,AP92,202542V6
6069-2157-202542V6-AC10,AC10,202542V6
6069-2154-202542V6-AP94,AP94,202542V6
6069-2158-202542V6-53254,53254,202542V6
6069-2153-202542V6-53545,53545,202542V6
6069-2154-202542V6-53577,53577,202542V6
6069-2154-202542V6-53578,53578,202542V6
6069-2154-202542V6-53579,53579,202542V6
6069-2154-202542V6-53580,53580,202542V6
6069-2153-202542V6-53581,53581,202542V6
5553-0019-202542V6-AC06,AC06,202542V6
3313-2007-202542V6-AC07,AC07,202542V6
3313-2013-202542V6-AP18,AP18,202542V6
3313-2011-202542V6-AP19,AP19,202542V6
5568-0074-202542V6-AP81,AP81,202542V6
6069-2154-202542V6-AP85,AP85,202542V6
6069-2060-202542V6-AP87,AP87,202542V6
6069-2160-202542V6-AP91,AP91,202542V6
6069-2157-202542V6-AP93,AP93,202542V6
6069-2156-202542V6-53676,53676,202542V6
